,userName,score,at,content
311,Fatimah Azzachra,1,2022-08-24 14:14:28,Kenapa saya susah banget mau nonton di netflix dlu ga gini. Harus masuk email dlu dll malah butuh bantuan sama keluar aneh
312,Mela Sari,3,2022-08-24 13:33:31,"Netflix gimana nih, masa saya mau perpanjang langganan lewat DANA ngga bisa siiiih ğŸ˜­ğŸ˜­ğŸ˜­"
313,Arfina 69,1,2022-08-24 09:27:02,Sudah bayar dan saldo kepotong tapi tetap tidak bisa nonton saya merasa di tipu
314,sangadah ukhrowiyah,1,2022-08-24 09:20:22,kenapa punya saya bahasa tulisanya cina.. bagai mana cara ganti ke Indonesia
315,Indah Sri Rezeki,1,2022-08-24 08:26:46,"Apa cma aq yg udah bbrp hari ini netflix gk bisa kebuka, smp uninstal berulang x.. download berulang x tp ttp gk bisa"
316,wenny lestari,1,2022-08-24 07:47:42,"Karena satu dan lain hal saya harus relogin dan ribet sekali. Setelah memasukkan email dan pw, lalu muncul rincian paket dan setelah itu muncul halaman putih dengan tulisan selamat datang kembali dan stuck disitu. Trus mau nonton nya gimana???"
317,Yondri Sangir,4,2022-08-24 05:48:39,"Tolong tayangin film anime ONE PIECE, apalagi kalau sampai nayangin one piece RED, pasti bakalan panyak penonton netflik,. Karna film one piece banyak penggemarnya di indonesia.."
318,RiizzXD,2,2022-08-24 00:55:36,"Streaming mentok kualitas SD,pdhal hp support HD sama FHD,jaringan juga gada masalah"
319,Hann playlist,5,2022-08-23 16:31:06,"Lha kaget knapa netflix ratingnya cuma bintang 2,4 ? Padahal ini yg terbaik daripada aplikasi lainnya. Seriesnya juga bagus2, murah pula"
320,WAWAN ARDIYANSA,1,2022-08-23 11:18:00,Saking gak laku ya ini aplikasi setiap hp selalu ada .. Klau bukan bawaan hp ini aplikasi udah w unistal .. Gak ada guna ya buat w apk ya
321,dita putri,2,2022-08-23 11:08:00,"Netflixnya tbtb gabisa dibuka , udh di update uninstall ttp gbsa dibuka juga Kalo bisa dibuka dan lancar baru diubah ulasannya"
322,lucifer hades,1,2022-08-23 10:52:14,"Tolong netflix fitur game di hapus yg di apk hape, dan perbanyakin film atau series korea/thailand. Dan biaya berlangganan nya tolong di ganti jadi 200rb per tahun, contoh lah viu 200rb per tahun tapi series n film nya bagus2 untuk saat ini saya kasih rating â­ kalo netflix ga mau bikin perubahan."
323,Dian Kartika,4,2022-08-23 07:32:02,"Maaf, klu boleh tlong warna subtitleny yg cma warna putih diganti, karna klu bertabrakan sma background warna putih jdi tdk jelas dan tdk terbaca. Terimakasih"
324,Eka Saptanism,3,2022-08-22 21:34:18,"Mohon perbaiki atau tambah metode pembayaran yg lebih simpel dan mudah, karena gopay dll sering bermasalah saat transaksi"
325,Ajie Surabigaul,5,2022-08-22 14:35:14,"Suka sih bagus, terus keluarin karya terbaru dan aku suka film dokumenter nya sih keren"
326,Yogi Adi Pratama,1,2022-08-22 12:28:17,Aplikasi apa ini mau nonyon aja harus berlangganan percuma kaloa ada kuota tapi gk bisa nonton ğŸ˜ 
327,Lily kurniawan,3,2022-08-22 02:12:18,kenapa netflix saya tidak bisa continue watching? jadi kalau saya buka aplikasi netflixnya filmylnya selalu ngulang lagi dari awal. gimana cara agar bisa continue watchingğŸ˜­
328,M anas Anshori,1,2022-08-22 00:15:01,Ko saya tidak bisa masuk sih kenapa ya aneh email sudah di masukan tetap tidak bisa mohon perbaiki trimakasih
329,Aglee Dzul Akbar,5,2022-08-21 16:56:48,Tolong transpransi fontnya lebih tebal lagi dikarenakan untuk saat ini font terlalu tipis sehingga sulit dibaca pada saat gambarnya putih.
330,Mass Anam,3,2022-08-21 15:53:44,Stuck di 720p walaupun udah di setting di 4k. hp udah L1
331,Alia Aprilia,1,2022-08-21 14:16:54,"lemot, WIFI udah lancar tapi loading terus.mau nonton young woo ni elah, aarrgghhhh"
332,M Budiman,2,2022-08-21 09:00:49,"Halo ini saya kenapa tidak bisa login netflix nya ya,dan ada tulisan diluar jangkauan??"
333,Kurniawan Syahputra,2,2022-08-21 00:52:59,"Cemananya Netflix ni, gak bisa melanjutkan nonton film nya, padahal baru 2 hari saya download aplikasinya dan berlangganan"
334,ALman Maliki,1,2022-08-20 13:00:04,"Saya ingin nonton 3 idiots tapi tidak ada di penelusuran padahal waktu saya melihat di google ada yang bisa ditonton di Netflix, tidak spesial lagi seperti dulu, pengen pindah ke Disney saja.:("
335,Shadow of Light,5,2022-08-20 12:12:25,"Sekarang ada masalah, kenapa sekarang kalau saya keluar dari apk filmnya ga kesimpan, ketika saya masuk lagi di film yg sama, itu di mulai dari awal bukan dari terakhir kali di lihat"
336,Miranda Tirsya,2,2022-08-20 07:40:13,gambar nya kadang ga gerak sesuai audio nya.
337,Nabilaoktyara10,1,2022-08-20 03:19:43,Ini aplikasinya sangat bagus dan bisa nonton banyak Drakor
338,kikie 08,5,2022-08-19 16:23:54,"Bnyk film dan serial yg bgs, suka lost in space, sweet home, stranger things, dll. Saran Film korea dan thailand dibanyakin. Subtitel srkrg ada latar hitamnya kurang enak diliat."
339,Alvina Rachma,5,2022-08-19 08:10:41,Bagus terimakasih sudah menemani hari2 yang membosankan tapi saat ini Netflix saya sedang bermasalah sedikt bisa tolong di bantu tidak terima kasih
340,Hata dopo,2,2022-08-19 05:30:01,Mau tanya..netflix lg eror ya..aku langganan bulanan...ko baru seminggu sidah g bisa lg
341,Danendra Aurellio Dharmawani,5,2022-08-18 14:14:28,"Sangat bagus dari semua nya,tapi kurang di update flim terbaru cuman sangat bagus"
342,Dea yunita,5,2022-08-18 10:40:16,"Terimaksih, dengan ada nya Netflix membantu saya sebagai kaum yg suka nonton.."
343,Karlinda Himawati,3,2022-08-18 10:22:03,"Please deh ah, kalo teksnya itu letaknya disesuaikan dong, kadang fak kebaca, dah teksnya putih pas di scene-nya yg lagi warna putih, emosii lamaÂ²"
344,akumaru,1,2022-08-17 10:59:09,Subtitle menyatu dengan background jdi tidak begitu terlihat dan menjadi sulit untuk dibaca. Membuat penonton menjadi kurang menikmati.
345,Lina Diselmi,4,2022-08-17 06:02:10,"Uda dowload g bsa d buka, di update tetep g bisa di buka, nipu bgt si"
346,Fatur Ryan Maulana,3,2022-08-16 19:25:10,Dari semua kualitas si bagus tapi untuk subtitlenya kurang suka karna ada warna hitam di belakang subtilte mohon untuk subnya bisa diganti biar gak ada warna hitam nya. Subtitle yang berwarna hitam cuma di season terbaru untuk episode/season lama sudah ok. Mohon perbaikan nya supaya gak ada hitam hitam nya di belakang subtitle nya
347,Bram Carella,2,2022-08-16 16:00:25,"Untuk kualitas streaming video ok tidak pernah ada masalah, lancar lancar saja dan bisa 4k di smart tv, tapi untuk tv series amerika/western lama sekali rilis nya, kadang selisih 1 atau 2 hari setelah premiere, dan kadang juga subtitle indonesia nya tidak ada, baru ada subtitle indonesia setelah beberapa hari, dan untuk chat/dm via sosial media tidak pernah di respon, Jadi maaf ga bisa kasih bintang 5"
348,Arya 17,1,2022-08-16 12:41:05,Fitur buat HDnya g bisa padahal hp sy widevinenya sudah L1 tpi di netflixnya malah L3 tll dah
349,Bagas Eryan Bimantoro,5,2022-08-15 17:37:48,Netflix mantap dan kalau bisa text subtitle dikasi border warna hitam agar kalau film yang ditonton memiliki background putih subtitle film tersebut masih mudah di baca
350,Devi Irawan,2,2022-08-15 17:08:49,Aplikasi baru banget di download. Pas mau buka usah disuruh update versi terbaru. Hadeeeeehhhhh wasting time
351,Intan Rensi,4,2022-08-15 14:00:07,"Mau nanya kenapa netflix dihp saya gbisa login ya, eror terus tulisan nya di samsung A72 kartu telkomsel"
352,Supri Susanto,2,2022-08-15 09:23:23,Film film bagus banyak yang masih ga ada subtitel indonesianya.
353,Rahmad Suryadi,2,2022-08-14 18:28:39,"Kenapa setelah Update Ke Versi yang Baru subtitle menjadi ber background, sangat mengganggu"
354,Giovani Alfariiz,4,2022-08-13 16:54:01,Netflix keren . Gara gara Netflix aku sama Vera jadi bisa ktmu lama . Makasih Netflix . Makasih yaaaaaaaaaa
355,Jaza Sila,5,2022-08-13 08:50:33,"Mantap, enak bgt nntn disini. Banyak pilihan film, dan anti buffering"
356,Cahya Wulandari,5,2022-08-13 08:30:49,"film nya pada keren semua sih, apalagi series drakor nya ga ada yang gagal, semuanya bagus banget alur nya, thanks netflix"
357,Jimmy Entertainment,5,2022-08-13 04:05:09,"Aplikasi streaming terbaik. Pada saat pilih film bs lihat secara horisontal, dan koleksi filmnya bagus."
358,Marta Selah,1,2022-08-13 03:22:59,Gak bisa masuk akun padahal pendaftaran sama administrasi nya Uda di bayar.
359,AGlegend,5,2022-08-12 06:37:45,Tempat streaming favorit?? Yaa Netflix dong ğŸ˜ Harga?? Lumayan terjangkau dan tidak untuk di mendang mendingkan ğŸ—¿
360,Hendri usmantri,2,2022-08-12 03:37:16,"tolong dong developersnya,setelah di update versi,tulisan transletnya jangan putih doang,ga ada pinggir hitam,pas jumpa sama"" putih malah kagak nampak subtitlenya"
361,Andi Soetanto,5,2022-08-12 00:45:40,"Tolong dong untuk serial drama kungfu Mandarin seperti the ""long ballad"" dan ""word of honor"" ditambahkan teks/subtitle BHS indonesia"
362,Edo Chipung,4,2022-08-11 12:40:21,"Sederhana. Tetapi bikin tertarik. Itu aja sudah cukup. Harapan nya lebih baik daripada sebelumnya. Film laga Indonesia terkenal semenjak ada NetFlix "" se tau saya. Bukan so tau ^_^"
363,mila sari,1,2022-08-11 04:45:02,"tidak ada pengaturaan berlaganaan, susah sekali 2 kali coba tapi gagal mulu"
364,Ndari Rianti,1,2022-08-10 13:57:50,Aneh banget cari beberapa film ga muncul. Padahal di coba di laptop ada. Udah cek pengaturan tapi ga bermasalah
365,Kevin Adriyan,1,2022-08-10 12:41:16,"Saya belum melihat isi dari aplikasi ini, tapi sudah di haruskan untuk berlangganan saja. Masih lebih baik dysney+"
366,MHA Channel,1,2022-08-10 00:05:36,"Aplikasi ngga bermutu, berbayar tp layanan buruk. Server sering error, terutama pagi hari. Semoga dalam waktu dekat perusahaan ini bangkrut karena netflik meroket ketika covid19, dan saat ini covid19 sudah selesai dan orang2 telah kembali beraktifitas normal."
367,Yuliana Queen,1,2022-08-09 19:37:51,Klo mau nonton hrs berlangganan dulu... Pd hal niat mau lihat2 dulu film nya baru2 semua atau tdk... Mohon diperbaiki spy tnp berlangganan pun bs nonton. Krn klo dpt kuota streaming sia2 klo tdk terpakai buat nonton film.. Jd uninstall deh. Tdk spt apk yg lain msh bs nonton tnp berlangganan tp iklannya yg bnyk... Thx u
368,febrian rinaldy,2,2022-08-09 19:02:18,Subtitle setelah update terbaru mah susah kebaca.. Kalo background warna putih subtitle ga kebaca.. Kecewa
369,Yerry Semba,4,2022-08-09 08:19:28,Kenapa loading terus ni.... Cuman suara doang yg kedengeran... Gambar gk da
370,setya candra,5,2022-08-08 14:05:01,Klo ada yg gratis kenapa harus beli tapi tetep lah aku kasi bintang lima karena banyak film keluaran netflix bagus bagus
371,Lullaby 13,2,2022-08-08 13:48:01,"Pake apps di hp, Subtitle anime nyaru sama film nya jadi susah buat dibaca"
372,drew try,5,2022-08-08 07:40:11,Tolong di tambah opsi aspect ratio. Biar full di layar. Atau tambah opsi fit to screen. Biar puas nonton tanpa ada potongan hitam di tv / smartphone.
373,Cakap Lucu,1,2022-08-08 07:28:58,Kalo mau nonton film aja harus bayar mending gausah nonton aku.. Dan langsung hapus aja aok nya kalo begini caranya.. Mau nyari duit? Emang dari penghasilan download apk gak banyak apa? Masih minta duit lagi dari film.. Legal sih tapi gak suka kalo harus bayar dan cuman bertahan sebulan doang
374,Yesi Ramadhani,1,2022-08-08 01:47:44,"Netflix gak jelas,udah mendaftar email pun gak bisa masuk jg,udah berapa email yg dicoba tapi gak bisa masuk jg,mau masuk ke Netflix aja susah banget,sia sia di download tp gak bisa dibuka,jd di hapus lagi Netflix nya dari hp"
375,Muhammad Rifqi,3,2022-08-07 11:59:37,Apk nya bagus tapi banyak yang subtitle gak ada Indonesia jadi susah saya
376,Achmad Naufal,3,2022-08-07 11:12:20,"semuanya sudah oke, tolong ditambahkan pengaturan untuk ubah ukuran dan warna pada subtittle ya agar lebih memudahkan informasi yg didapat dari subtittle karna sering sekali warnanya sangat samar dengan video"
377,DWI CAHYONO 0604,5,2022-08-07 10:26:13,Aku suka kalo aplikasi ini banyak film2 luar negrinya kayak di Disney+. Sayangnya kalo langganan satu bulan harganya ga lebih murah dari Disney+.
378,Akairo,4,2022-08-07 05:33:38,"Sejauh ini fiturÂ² dan film&anime bagusÂ², tapi ada yg kurang yaitu teks subtitlenya, bisakah teks subtitlenya dibuat color nya jadi putih dan ditambah stroke di text nya bewarna hitam? Agar bisa membaca subtitle dengan jelas karena anime yang saya tonton sekarang susah saya baca subtitle nya yang malah kamuflase dengan animenya"
379,Siti Muthmainnah,4,2022-08-07 04:33:47,"Sejauh ini sudah puas sama pelayanan Netflix, tapi banyak banget yang pengen dibilang dari animenya di versi Inggris Tokyo ghoul re ada sementara di versi indo khususnya untuk pelayanan hape/tab tidak ada Tokyo ghoul re dan anime kakegurui season 1 juga tidak ada padahal sudah ada season 2nya, tolong di perhatikan lagi kelengkapan film atau animenya, Terimakasih."
380,Benta Rohma0304,2,2022-08-07 03:05:58,Terlalu sering memperbaharui..saya tdk pernah memkainya..ttpi sering memperbaharuinya..
381,Bilqis Asyakuru,2,2022-08-07 01:53:27,"Netflix nya jelek banget kalian jangan download sih kata ak mah ngeleg, memori penuh dan ak liat film ada bacaan yang hina nabi Muhammad Saw!! Dan saya ngomentarin nya cukup segitu saja ya, maaf klo Netflix sakit hati saya juga kaget ada film yang kaya gitu, saya ngomen nya segitu saja ya wassalamu'alaikum warahmatullahi wabarokatu ğŸ™ğŸ»â˜ºï¸"
382,Fathir Pradipta,1,2022-08-06 08:45:45,Kenapa ada lambang Allah SWT di lantai di film the umbrella the episode 3 saya tidak suka dengan begini ini sangat tidak bagus di download
383,Beri Sembiring,3,2022-08-06 07:46:30,Mohon bantuan dong App nya tidak bisa ke buka Setelah di klik cuma muncul tampilan awal gambar tulisan netflix nya aja
384,debby mutiara,1,2022-08-06 03:36:46,"Barbie as rapunzel ga bisa diputar, terus mau rekomendasi film kingkong 2005 jg."
385,Dewik Anjani,2,2022-08-06 02:45:32,Tolong benarkan lagi netflix-nya saya pingin masuk ke netflix tidak bisa sudah memasukkan akun dan segalanya tapi tetap saja tidak bisa tolong diperbaiki lagi
386,Danang Agung Kurniawan,1,2022-08-06 01:15:12,Sekarang Netflix gak nyimpan menit dan detik terakhir nonton video sampai mana
387,Utciha Afande,1,2022-08-05 17:25:02,Udh download kok gak bisa d liat ini netplik gmn kali apk y gua udh susuah2 donlod malah gk bisa padhl udh nulis e mail tapi ttp ngbisin kota ajh
388,íŒŒì¼Selenophile,5,2022-08-05 14:30:38,"series originalnya keren-keren, sebanding sama harganya. udah gitu designnya juga mudah buat ditelusuri dan enak dipandang. resolusinya bisa 4K dan lancar banget nontonnya. for your information, netflix ini memang platform berbayar jadi kalau mau cari film free disini ngga ada. soalnya biaya operasionalnya aja ga murah."
389,Novi Yansyah,1,2022-08-05 11:48:54,"Apk tolol, di suruh daftar tapi gk ada tombol daftar, mau masuk malah sandi email salah, padahal sandinya benar, saya login ke XXI, ke joox, ke bstation gk ada tuh salah sandi, kalau mau duit untuk daftar nya tinggal bilang, gk perlu di bikin ribet. Ngotak sikit lah buat apk udah gratisan banyak tingkah"
390,Julian Andhyka,1,2022-08-05 06:06:29,Gabisa masuk terus aneh... Tolong diperbaiki
391,mame magenta,3,2022-08-05 04:59:03,"Kenapa ada beberapa film yg hilang (sebelumnya ada, sekarang sudah gak ada lagi/gak komplit). Twilight saga, terakhir nonton des 2021 masih komplit, skrg agts eclipse dan breaking down tidak ada. Jadi mengurangi keseruan."
392,á´…Éªá´€Ê™ÊŸá´_9,1,2022-08-04 18:21:50,Ah tak kirain free nonton.tahu nya bayar.. Apk sebelah lebih update Gak ribet free no ADS..
393,Abu Rizal,1,2022-08-04 17:08:41,Kok nonton baru dapat 10 min kok gabar GK ada cuma suara dong percuma dong udah bayar
394,Valentino Sinaga,1,2022-08-04 13:50:00,Appalah Netflix ini masa ga bisa masuk uda pake akun email kek koncol
395,andie life is journey,1,2022-08-04 12:58:41,Indo sudah ga bisa buka ya meski pakai vpn juga ga bisa
396,Cah Yadi,3,2022-08-04 10:03:51,"Apa apa ini pas masuk nyuruh masukin akun google dan pas daftar sandi salah Mulu padahal udah di coba beberapa kali, walaupun ku coba dengan ganti sandi akun google dadakan tetep sandi salah Mulu ni programer nya pada ngapain sii"
397,Asep Sikasep,3,2022-08-04 08:56:17,Setelah terakhir update daftar film yang sedang saya tonton jadi hilang semua terus pas di cari lagi ko malah g ada film y
398,Lidya Tjili,3,2022-08-04 01:51:07,"Kenapa sekarang jadi makin aneh, setiap abis pake wifi 1st media, apa yang gua tonton ga bisa play. Sebelumnya baik2 aja. Kenapa sekarang gini ya"
399,Humaira rose permata sari hadayatullah,4,2022-08-03 14:23:14,"Baguss sekali karna mahal wkwk Yg liat bawah Artinya manusia , tpi syng filmÂ² populer yg old lamaÂ² hilang"
400,Evi Ningrum,5,2022-08-03 14:12:06,"Suka bangets dgn aplikasi 1 ini film nya bagus"" juga no iklan sama sekali .puasss berlangganan."
401,Adriani Dewi,3,2022-08-03 10:26:56,"Netflix saya keluar sendiri berkali, sudah coba restart hp tp ttp ga bisa. Knpa ya"
402,Snorx Tv,4,2022-08-03 01:09:16,"Tolong diberi fitur untuk setting subtitlenya, terkadang subtitlenya tidak terbaca"
403,iding Jatisary,1,2022-08-02 18:07:05,Subtitle warna putih tidak bisa dibaca saat filmnya berwarna putih.
404,Fuji Lestari,5,2022-08-02 12:01:20,"Dari sekian banyak apk perfilm-an, paling suka sama netflix. Tampilannya rapih gak bikin pusing, pas ditonton enak. Gak yg ke sentuh dikit langsung berubah apa gimana pas lagi nonton"
405,Ferdy Adhasyah Putra,5,2022-08-01 14:43:24,"Aplikasi streaming Film, series, documenter, dan lain-lain. Sudah 24 Bulan berlanggan Legal gapernah ada trouble apapun. Mungkin yg kasih review jelek beli akun ""35rb untuk selamanya"", semoga dimudahkan rezekinya ya"
406,Intan Nuraini,1,2022-08-01 11:36:27,Gk bisa di buka apk nya pas masuk mlah keluar sendiri.
407,Khai dk,4,2022-07-31 20:13:05,"Dari segi kualitas bagus, tapi kalo ada scene yg layarnya warna putih jadi ga keliatan subtitle nya ğŸ˜­, mungkin itu bisa di perbaiki yaa...terima kasih"
408,Amin Udin,1,2022-07-31 18:44:57,aplikasi error syarat login-nya udah bener tapi kok tetep dianggep salah
409,Des Wita,5,2022-07-31 12:58:50,"Bagus, banyak pilihan filmnya dan bisa ditonton di beberapa perangkat Ok"
410,Rian Dhita,3,2022-07-31 11:14:09,"Subtitle bagus sebelum d update ,, yg sekarang ada block nya jadi gk enak d loat aja"
411,Puja Widya,3,2022-07-31 00:55:38,Kasih bintang 3 dlu. Karna belum bisa kebuka apk netflix nya min
412,Lina Wijayanti,5,2022-07-31 00:15:20,"Ini netflix lagi kenapa ya?kok kualitas gambar nya jelek,video stream nya pecah dan putus putus kaya kaset rusak,apa ada gangguan?"
413,M. Abi Lutfiyanur,1,2022-07-30 12:29:18,"Lagi nonton Peaky Blinders, udh Season 5, tiba2 filmnya hilang, dicari dipencarian pun gak ada. Aneh bgt ya Netflix, tdi pagi ada filmnya, pas sore udh ilang."
414,Pinkan n,5,2022-07-30 01:11:05,Aplikasi nya bagus aku suka aku bisa nonton doraemon di aplikasi netfilx tapi sayang nya sering ngebug dan ada bug nya dan juga banyak iklan nya tolong di perbaiki ya
415,Muhammad Zaki ZN,2,2022-07-29 12:53:17,"Meski berlanggan Paket Ponsel, kualitas tidak bisa diatur manual ke 320p"
416,AZOM GAMERZ,5,2022-07-28 14:28:44,Baguss...g ada ngeleg dalam aplikasi nya...sangat lancar dalam jaringan...
417,Tri Yulianto,4,2022-07-28 11:31:35,"Sangat bagus baik dari segi kualitas dan gambar. Kalo ada, tlg beri fitur play video untuk 60fps agar terasa bener bener seperti cinema. Untuk filmnya bagus namun kadang film film populer nggak ada di netflix. Biaya berlangganan sebetulnya bukan masalah, cuma yang perpustakaan film yang kadang film populer ga ada."
418,Asyahid Store,1,2022-07-28 04:59:45,Kualitas video yang tersedia usai didownload rendah padahal langganan Netflix yang paling mahal bulanan beda sama yang sebelah hasil download nya
419,Agung wicaksono,1,2022-07-28 04:05:54,sumpah gw udh berhenti langganan masih di tarik saldo gw netflix makin gajelas ga ikhlas gw jangan mu download netflix berlangganan cacat udh berhenti malah tetep di tarik saldo mbanking
420,Isnaini,5,2022-07-28 03:09:30,"Dari dulu sebelum pandemi netflix itu udah berbayar. Semenjak pandemi bayarnya dimahalin karena dimasukin pajak sama pemerintah. Jadi, yg menjadi masalah orang2 adalah mereka pengen nonton dengan memaki netflix padahal dari jaman baheula udh berbayar. Cuma sistem pembayarannya aja diperbanyak. Jadi bisa pake gopaylah, atau pake debit card lah. Dulu hanya bisa pake cc dan paypal. Jadi kalo mau ngeluh salah lapak kalian.."
421,21 101 AHMAD FALIQ RAEHAN,3,2022-07-28 02:30:30,"Saya cuma mau ada fitur pilih resolusi kayak yt saat menonton, itu aja sihğŸ¤§"
422,Riska Yuliasih,5,2022-07-28 02:28:59,"Lumayan Sh, cuma kadang suka lag mungkin karena ruang penyimpanan di hp ku sedikit"
423,email tika,4,2022-07-28 01:27:20,"Overall saya suka. Gak pernah ngelag gak ada iklan. Sepanjang film, smooooth bgt gak gmn2 dan subtitle jg ok. Cumaaaa saya kurang sreg sama pilihan. Utk Netflix Indo film western yg lama atau baru tuh dikit. Jd aku pake VPN dan pilih negara lain sih oke2 filmnya mayanlah. Masukannya cuma, banyakin koleksi filmnya lg yaaa! Kalo makin banyak dan cocok, aku bakal langganan lg dan lg ;)"
424,Achi Atan,2,2022-07-27 12:34:42,"Tadinya saya bisa masuk, tapi sekarang pas donlot ulang, koq gabisa yah?? Padahal koneksi internet aman, memory HP juga masih banyak, sudah restart sama matiin dulu hapenya. Bisa tolong dibantu kah Min? Thx"
425,MY GOOGLE 01,2,2022-07-27 02:24:25,"Maap saya tidak menyukai update baru baru ini , perihal tampilan subtitle yang berwarna hitam di belakangnya ."
426,Ujiart Desain,5,2022-07-26 05:50:39,"Buat developer nya mau saran tolong di berikan opsi bisa aktifkan 2 subtitle bersamaan dalam satu film.. Saya lagi belajar bahasa lewat film dan itu akan sangat memudahkan jika ada opsi mengaktifkan 2 subtitle (misal sub English dan Indonesia) secara bersamaan di film, ini akan jadi promosi yg bagus juga untuk Netflix dengan mengkampanyekn belajar bahasa lewat film dengan menyediakan opsi aktifkan 2 subtitle secara bersamaan."
427,Agung Gaming,2,2022-07-24 11:09:23,Kecewa dengan Netflix tiba tiba ga bisa di tonton video nya
428,Muhammad Ridwan,1,2022-07-24 06:42:03,Kuota 5gb ga bisa di pakai untuk netflix ga bisa daftar pake nomor hp fak
429,Ayu Amalia,3,2022-07-24 05:27:46,"Padahal sy mau bayar susahnya minta ampun, tolong lah perbaiki sistem pembayarannya ribet bgt asli. Coba lagi nanti. Ovo gpay saya saldo cukup tapi gabisa dipake bayar."
430,nand tz,5,2022-07-23 05:44:49,Terima kasih netflix team sudah menayangkan kartun kenangan saya saat kecil cardcaptor sakura .bersyukur hanya di netflix saya bisa nonton.ğŸ˜ğŸ˜.sukses terus buat netflix
431,rikilip,2,2022-07-23 05:33:53,Suara dan gambar gabisa pas. Gambarnya lebih lambat dr suara nya kaya slow motion
432,Yutiara _,5,2022-07-23 02:19:20,ga suka pake kartu kartu debit sgala ribet ga kaya inflik viu ga pake kartu debit ini ko ribet bgt.. aku kan ga puunya kartu debit cm pnya kuota..sy msh sklh sy suka bgt nonton film..tolong kebijakan jangan pake debit debitan
433,Rian Leonardi,3,2022-07-22 15:25:02,Perbaiki lagi lah bos padahal pake wifi super kencang tapi ga konek . Udah bayar mahal lagi buat langganan
434,Triana Nurmala Sari,1,2022-07-22 14:10:49,"Pagi masih bisa nonton Malam malah gk bisa kebuka aplikasi nya ""Kegagalan sistem"""
435,ita mandaryani,4,2022-07-22 13:20:57,Netflix keluar sendiri ini g bisa masuk apa app nya rusak..sya langganan autodebet setiap bulan..mohon di bantu
436,Gee 15,1,2022-07-22 05:17:42,"Udah brlangganan, tpi mau login malah gak bisa. Padahal udah bayar. Hedeehh."
437,Rendra Ahmad Hafizi,4,2022-07-21 14:08:51,Kenapa layarnnya ngefreeze mulu ya..padahal sebelum sebelummnya lancar banget
438,Andree Vcc,1,2022-07-21 13:47:43,"Biaya langganan mahal,error juga kalo download,,mending Disney hostar kalo kek giniğŸ˜"
439,Maria Agustini Titin,1,2022-07-21 13:10:37,"Saya heran pas mau download film banyak yg download, tpi pas user yg lain mau dihapus malah ga bisa. Katanya, ""maaf, perangkat ini tidak bisa dihapus sekarang"". Makin error ini aplikasi"
440,Riski Aprildhan,1,2022-07-21 06:27:56,Ampas ga lengkap film nya banyak yg ga ada yg bagus bagusğŸ˜¡
441,Siti Nurohmah,1,2022-07-21 01:34:43,"Setiap login mlah menunya ""selamat datang bla bla bla"" suka ssah jga kalo buka di tv.. sllu error. Kecewa bgt"
442,Kaka Apoy,5,2022-07-21 01:24:01,"Ranting nya 2,4 orang2 pd kenapa ? Selama aku pakai tdk ada masalah, kualitas video di Netflix malah lebih bagus, streaming lebih lancar."
443,fajar barokah,3,2022-07-19 14:47:11,Kurang update..film baru nya sangat sangat telaaaaaaat
444,Dimas Vito,5,2022-07-19 14:44:02,"Sangat bagus ..alhamdullillah tidak pernah ada kendala, dan semoga tidak pernah ada...tinggal ditingkatkan aja kualitasnya.."
445,Gusti Karinda,5,2022-07-19 13:32:43,"Bagus, gambar super ok. Tapi gak tau 4 hari terakhir ini tidak bisa dibuka padahal baru aja perpanjang langganan. Sudah coba hubungi pihak netflix tapi masalah belum terselesaikan."
446,S1 KEP Berta Deva Ayu Syafi,5,2022-07-18 23:47:11,"Bagus si menurut aku, kalau misal ada kendala coba aja logout dari akun kalian trus masuk lagi."
447,Taufik Hidayat,3,2022-07-18 17:14:31,banyak flim nya yang hilang awalnya ada habis tu dicari lagi ngak ada bantu untuk update nya min
448,Egi,5,2022-07-18 14:40:48,"Gue bingung bagi orang-orang yang ngasih bintang 1 alasannya gara-gara bayar. Aplikasi Netflix nggak kayak tv di Indonesia yang ada iklan nya. Ataupun YouTube yang banyak iklan nya.( Walaupun ada YouTube premium yang mesti bayar). Logika sederhananya gini aja. Kreator yang bikin film dan series itu memerlukan uang agar bisa bertahan hidup. Nah mereka dapet uang nya dari langganan kalian. Hargai karya orang lain, kalo masalah ingin dihargai aja paling keras suara nya."
449,Rafa Alvaro,1,2022-07-18 14:34:50,Hmmm kenapa ya gw kagak bisa login? Padahal udah isi sandi sama email malah login gagal gw coba lagi tetep gk bisa gimana gw mau nonton anime atau film dah?
450,ita mustika sari,2,2022-07-18 08:16:45,Saya kok sulit banget untuk masuk ke Netflix dan kenapa harus di kenakan biaya ? Tidak gratis ?
451,Risty Bunga,5,2022-07-17 13:15:30,"Bingung kenapa penilaiannya jelek banget padahal menurut saya paling bagus dan lengkap untuk fitur pemutaran video nya, i love netflix"
452,Mas Bo,1,2022-07-17 11:32:43,"film film nya kurang lengkap, sekali nya ada film yang bagus berhenti di episode tanpa update episode baru, tolong diperbaharui biar puas pelanggan netflix nya."
453,Arie Adi,1,2022-07-17 02:54:06,Sudah gak bisa login lgi.. di suruh top up dulu ğŸ‘
454,Ashadi Tjahyadi,4,2022-07-16 16:25:15,"Kenapa ada bahasa translet nya, jd ngga berasa nonton film ORI nya, tp beberapa bahasanya asli, tp lumayan lah. Good"
455,YT IYAN RX,4,2022-07-16 13:24:36,Yah boleh lah filmnya btw kualitas gambar nya kok ngatur sendiri yah kaga bisa di ubahÂ² tapi emang bagus sih cooler full
456,Dilsa Farila,1,2022-07-16 07:40:35,"Udah beberapa kali coba instal pas udah ke instal gak bisa masuk,kurang memuaskan gak seperti apk lainnya"
457,Arlitha Dewi,2,2022-07-16 06:38:23,"Susah banget untuk perbarui pembayaran, setiap mau perbarui pembayaran ada aja masalahnya"
458,Mahfud Ridho,5,2022-07-15 15:02:28,"kualitas gambar bagus dan film2 nya banyak piliah , suara nya jg kereen"
459,Tatang Hidayat,5,2022-07-15 04:35:41,"bagus. Mudah digunakan dan tanpa kendala. Mungkin lebih diperbanyak lagi koleksi filemnya. Banyak saingan sekarang macam disney+,hbo,amazon. Semoga terus ditingkatkan kualitas dan kuantitas filem2nya biar gak ditinggalkan user2nya."
460,Dewi Handayani,2,2022-07-14 16:31:40,"ga jelas bgt udah berapa kali ke logout sendiri,sampe ganti akun pun masih sering logout sendiri,list film2 jd hilang semua,kadang jg bahasa indo nya gadaaa"
461,dina anggreani,5,2022-07-14 16:03:32,"Cintaaaa bangettt sama netflix sgt amat membantu dikala gabut ğŸ˜ dan paling suka sm dokumenter kasus-kasus pembunuhan. Ngemas nya bagus bgt jd asik ngikutin tiap episodenya, apalagi ttg kartel narkoba itu juga seruuu bgt ditonton! Jgn naik yah harga bulanannya please ;)"
462,PAPA ONLINE,1,2022-07-14 02:33:34,"Adalah ide buruk mengkategorikan harga dengan perbedaan resolusi kualitas tontonan... Biaya berlangganan terlalu mahal, wajar jika makin lama makin ditinggalkan pelanggan.. aplikasi sebelah makin hari makin bagus dan menggoda yang kualitas 4K HDR tapi dengan harga yang hanya setengah nya dari harga Netflix, meski koleksi film tidak selengkap Netflix. Tetap lebih worth it aplikasi streaming sebelah. Sangat yakin jika Netflix terus seperti ini, lama kelamaan akan Tenggelam ditinggal pelanggan."
463,Gabriel- -Valencius,5,2022-07-14 01:34:41,"Sayang sekali tidak semua film tersedia, ingin nonton Kung Fu Hustle tapi tidak ada, dan bisakah buat pengaturan untuk skip agar bisa di ubah jadi 5 detik"
464,Dortheus Nelson ick,2,2022-07-14 01:11:38,"Hi Netfix,kenapa di akun saya nggak ada stranger things vol-2nya ? Udah langganan pas mau nonton kok nggak ada,udah saya log-out & log-in di akun saya ,tapi tetap tdk bisa,tolong segera di jawab !! Makasih ğŸ™ğŸ¼"
465,Rizky faiz,2,2022-07-13 15:56:27,Sering lag pas mau nonton + gak terlalu lengkap filmnya â˜¹ï¸
466,Dona Dwi Saputra,2,2022-07-13 11:39:59,"Lagi enak nonton film malah tiba-tiba logout sendiri, dan pas di cari filmnya udah ga bisa ditonton, cuma tulisan preview tidak tersedia. Jujur kecewa sama netflix padahal sudah 6 bulan langganan dan sebelumnya tidak ada masalah sama sekali. Mungkin sekarang saya pertimbangkan lagi buat langganan bulan depannya soalnya udah kecewa mending pakai platform selain netflix"
467,Rahmi Yuniarosanti,5,2022-07-12 23:08:30,Diantara apk film yg lain Netflix paling nyaman dipake berbayar pun sesuai dg kualitas
468,Ibnu Jamalludin,2,2022-07-12 21:59:25,"Awalnya suka tapi sekarang pas mau record kamera layar, why jadi black screen"
469,Ismail Marzuki,1,2022-07-12 12:19:04,kok aku gak bisa make ya. padahal ada kuota khusus dari provider untuk buka netflix
470,rryn,1,2022-07-12 12:00:00,"Buat yg suka gratisan mundur dulu deh, jangan download Netflix, ku baru install langsung unisntall karena tanpa ba-bi-bu langsung pilih paket bulanan â˜ºï¸ğŸ™"
471,Rahmawati Zulfa,4,2022-07-12 06:10:57,Aga heran sama netflix ada 2 drakor on going yang emang masi di tonton cuma tiba tiba aja filmnya ngilang gaada gitu? Ada yang bisa bangun jelasin itu kenapa? Cuma pas search ke g**gle masin tertera tersedia di netflix
472,Intan z,1,2022-07-11 21:46:35,Setelah di update jd tdk bsa nonton payaaah ğŸ¤¨ğŸ˜‘
473,steven christian,1,2022-07-11 21:28:04,Aplikasi ada tulisan anda ingin melanjutkan di tv ini? Tapi tidak ada pilihannya...layar tidak ada menu yg bisa dipilih. Mohon di perbaiki bug'nya
474,Diego Lorenzo,2,2022-07-11 15:26:04,saya nonton film dengan format dolbyvision (device xiaomipad 5 sudah widevine:L1 & support dolbyvision). pas adegan malam hari/ruangan agak gelap kok malah tampilannya terlihat terlalu gelap. saya coba download film yg sama dan play via pemutar video bawaan hp tampilannya gak redup. tolong diperbaiki bug nya
475,ANAQI,1,2022-07-11 10:39:17,"Apk gak jelas hapus aja nih apk. Mau login gak bisa, mau di hapus karena gak bisa login udah bawaan HUU!!!! APK GAK JELAS"
476,YANA DAHLAN,5,2022-07-11 09:10:52,"Baru coba....semua tergantung aplikasinya,klu bagus ya bagus,klu jelek akan di katakan jelek...Ulasan ini kan bisa di edit ğŸ‘"
477,Nisa AsmaulHusna,1,2022-07-11 01:53:54,"Aplikasi jelek suka error tolong Di perbaiki lagi saya Sudah Bayar tpi pas buka aplikasi bacaan Netflix trust sampai 10 mnit trus bacaan aplikasi tidak Di dukung jelek.. Jelek ..jelek... Pokoknya Selama punya saya blom bisa terbuka, ini masih ku kasi ranting 1 trus"
478,Dody Wahyudi,1,2022-07-10 17:04:46,Aplikasi bapuk...langganan berbulan2 tp kali ini makin error.. Serial yg berepisode tiba2 hilang gak jelas..dapet notif episode baru pas di klik nihil filmnya ğŸ¥²
479,I Annisa_Putri I [7D],1,2022-07-10 09:39:55,"Jangan Tampilkan Film The Umbrella Academy 3 ,Karena Ada Lafazh Allah SWT Di Lantai Di Film Itu. Mengecewakan."
480,Yoga Jamara,3,2022-07-10 05:51:11,"Tolong dong bug""nya diperbaiki, suka ngeglare."
481,Bapakmu Ibukmu,5,2022-07-10 05:08:08,"semenjak berlangganan jadi sering bangun kerja kesiangan, gara2x nonton drakor langsung seri 1 sampai habis.."
482,angeline belandina,4,2022-07-09 14:20:56,"Udh mau setgh tahun langganan netflix so far its good, cuman sayang buat drakor dan beberapa film populer kok bs ga ada di Netflix, mau ga mau jd hrs move ke apk atw browser lain, next Netflix bs lbh bnyk kerjasama dgn filmÂ² populer dan drakorÂ². Thx"
483,NutriSari Ku,1,2022-07-09 09:53:03,"Dutafilm gratis, gapapa ilegal yang penting banyak pilihan film dan serial lengkap. Lah di Netflix udah bayar film dan serial gak lengkap malahan banyak film/serial gak bagus."
484,siti nurhayani,1,2022-07-09 05:10:33,Udah lama nggk buka Netlflix ehh skalinya mau login lgi ko malah bayar bukannya dlu itu gratis login langsung cepet lngsung bisa nonton ko skrang malah registrasi ulang bayar pula gimna ceritanya ini hrus byar dlu nggk seru nggk asik
485,Al Bandawi Universe,5,2022-07-08 16:27:26,"Bagus,ditambah terus kontennya"
486,Agus Setiawan,1,2022-07-08 13:10:44,"Baru kemaren nonton film series, sekarang buka lagi filmnya ilang udah search juga gak ketemu.. Payah ni app, udah bayar pula bikin tugi"
487,Kemal Aghani,1,2022-07-08 09:54:30,"Gak butuh app ini, krn bukan untung nontonnya, malahan rugi besar tiap saat makan kuota"
488,Efreyansyah,1,2022-07-08 05:44:01,"Film nya kurang lengkap,banyak film film bagus skerng tpi gda di netflix"
489,Wulan Triia,1,2022-07-08 03:49:35,"Aplikasi nya jelek bngtt, susah masuk pdahal udh ngisi email tetep aja susah. Tolong diperbaiki dong min bikin kesel aja"
490,mat feb,3,2022-07-07 15:01:54,"Sangat bermanfaat walaupun harus berlangganan tidak merogok kantung terlalu dalam,, terus tingkatkan film update terbaru nya makasih."
491,Ajeng Sofa,2,2022-07-07 11:18:56,"Awal2 sih oke, tp lama2 daftar putar sy hilang sendiri, dicari lg film nya malah ngga ketemu. Apa mungkin tiba2 film nya dihapus dr netflix apa gimana ini? Mana dah jauh bgt ngikutin serialnya. Top 10 nya jg hilang. Tolong perbaiki donk"
492,Melani Melani,1,2022-07-06 10:48:41,"Udah masukin gmail berkali-kali tp gk bisa masuk2, malah bikin keselll aja!!"
493,Vivo V215G,1,2022-07-05 19:46:27,"Setiap kali memutar film selalu tersendatÂ², apakah Netflix harus memakai ram diatas 8/256 ?"
494,tataaafra,5,2022-07-05 04:36:51,Kalo bisa untuk series dan film Jepang nya di banyakin lagi min yaaa....
495,06. Aditya Firdaus,2,2022-07-05 01:45:08,Ini Netflix knpa ya..Setiap gw mau nonton video selalu aj keluar sendiri dari video nya..itu juga nggak sekali..belom lima menit udh gitu lagi..trus pas pencet LANJUT eh keluar lagi.. tolong lah min diperbaiki..
496,Melankolis Sang Pengamat,1,2022-07-04 15:45:21,"Daftar kho ribet sekali, anda yang rugi saya tadi mau menguntungkan netflix, kalau begini nonton bajakan saja"
497,Nicky Alzim,1,2022-07-04 15:22:00,"Utk bisa menonton di aplikasi ini harus membeli paket ğŸ‘ğŸ‘ğŸ‘, tidak seperti aplikasi lain dimana kita bisa menonton dengan gratis meski kadang2 kita harus menunggu utk episod berikutnya, tp itu tidak masalah."
498,Abdul Jafar,1,2022-07-04 14:04:17,"Parah apknya, potong bayar tagihan cepat giliran masuk, bayaran bulanannya minta diperbarui lagi"
499,26_Najwa Lenggogeni Permata Radhi,1,2022-07-04 13:45:42,"Jika saja kalian lebih bijak lagi dalam memilih film untuk ditayangkan di aplikasi ini maka kalian tidak akan terkena juga batunya.Dan saya sangat merasa kecewa, marah dalam pemilihan film kalian yang tidak ada otaknya dan malah membawa bawa film yang di sebuah scenenya terdapat nama nama Tuhan agama lain Dan Allah di lantai dan diinjak.Sebaiknya segera dihapus,dan lebih baik lagi dalam memilih film yang akan ditayangkan memakai otak.Sehingga tidak akan terkena amarah umat Islam dan agama lain."
500,Bima Partogi,1,2022-07-04 11:22:15,Padahal jaringan bagus kok nonton mlh error?......udh berapa hari kyk gini tapi tidak ada perbaikan sampai sekarang
501,Muh. Aditya Pratama,1,2022-07-04 11:07:47,"aplikasi scam ,masa saya udh bayar buat langganan tapi malah gak bisa,mana saldo saya terpotong lagi,dasar developer penipu,cabut aja aplikasi ini dari perizinan Play Store.sampahhhhhh"
502,Eko Bajil,1,2022-07-04 06:12:14,Gak jelas apk nya sudah daftar masih muter2 suruh daftar lagi . Gak bisa buat nonton auto remove
503,Eriecha Lutf,4,2022-07-04 04:40:38,"Kok tiba"" bahasnya jadi bahasa asing gitu ya apk nya.. padahal biasanya pake bhs. Indonesia aman"" aja tolong balikin kayak biasanya, atau bisa pilih mau pake bahasa apa gitu lebih bagus"
504,Siswanto Hadi,1,2022-07-04 03:07:09,"kok gak bisa dibuka ya aplikasinya,padahal udah daftar,masuk malah kembali ke pertama kali...payah banget aplikasinya...setaaanaann"
505,Yasinta Pawindra,1,2022-07-04 01:29:57,"cara daftar nya ngentod -_- ,ini susah bet dah anak babi memang -_- , film nya sih bagus tapi daftar nya gimana ğŸ™ƒ"
506,Rania Kurniawan,2,2022-07-03 14:09:10,Aneh banget udh masukin password gk bisa masuk. Tolong min bantu acc
507,Irma mutiara,2,2022-07-03 13:29:14,"tolong dong kualitas vidio jangan dibatas karna widevine, saya yg agak bermasalah di widevine nya dari L1 trus drop ke L3 merasa sayang banget langganan kalo tontonan nya burik, jadi mending di situs bajakan aja yg kualitas vidionya HD, plis kualitas vidio itu sangat penting bagi saya"
508,Black Bull,5,2022-07-03 00:30:41,"Aplikasi nya sangat bagus. Banyak film/serial terkenal, dan kalo ada aturan klo mau nonton harus bayar. Itu wajar si menurut saya, karena kualitas film/serial ny ajuga bukan main-main. Jadi untuk kalian yang banyak ngomong, cuma gara -gara netflix sekarang harus langganan dulu baru nonton. Mikir lah, mereka juga butuh uang. Sekian, semoga aplikasi nya semakin berkembang. Terimakasih"
509,Lalu Arya Bakti,1,2022-07-02 23:14:39,"Karena baru pertama kali instaall setelah dibuka dapat keterangan ""tidak dijangkau layanan netflix"""
510,Mikayla Mumtazah,1,2022-07-02 18:42:50,Sistem Pembayaran seringkali error. Dipermudah disemua jenis pembayaran
511,Æ™Î±meká¥™,1,2022-07-02 18:38:09,"Kecewa bgt, lebih baik bagian scane tersebut di hapus, Netflix gk detail bgt apa?"
512,Jaemin Na,1,2022-07-02 17:02:03,"Series umbrella academi 3 hapus aja deh, gasuka gue, beneran sakit hati gue sama yang bersangkutan film umbrella academi 3. And sekarang Netflix jadi sering ngbug pas di update malah makin susah, tadinya mau berlangganan ehh reting ny turun dan banyak yang ngeluh setelah berlangganan. byeÂ² Netflix"
513,sri ofc,1,2022-07-02 16:24:30,"Sangat buruk banyak bug dimana"" menyesal telah download dan berlangganan. Akhh sangat jelekkkkkkkkkkkkkkk"
514,Gorengan Anget,1,2022-07-02 15:51:43,"Klo mo bikin film/upload film, mending lihat lihat dulu deh, kalau emang viwers nya dikit, mending gausah bikin video, apalagi bawa bawa Tuhan."
515,Siti Amirin,1,2022-07-02 13:04:40,"untuk netflix saya mohon perbaikannya, baru saya login tetap saja tidak bisa masuk sama sekali"
516,Robi Zhaputra,1,2022-07-02 11:37:09,"Dah lah,,,,udh daftar pake email kok ngk bisa masuk masuk bngsadd,,otw uninstal..."
517,Anis Ft13,3,2022-07-02 02:41:38,"baru aja download netflix, kaget knapa login nya sekarang berbayar dulu, padahal dulu login saja itu gratis loh"
518,JupiterBct,1,2022-07-01 15:52:58,"Setelah Melihat Review kritis, saya tidak jadi untuk berlangganan Netflix, malahan saya ingin membantu Bomb review aplikasi netflix. Untuk saat ini, saya lebih baik menonton film bajakan daripada harus nonton di netflixğŸ˜œ"
519,Nana Nabila,3,2022-07-01 13:55:22,"ngk bisa bikin akun,ngk masuk masuk lagi,knpa ya pdahal apk yg lain cukup masukan gmail lngsung bisa masuk ini ngk,ribet bngt ihhh"
520,fiano Hidayat,1,2022-07-01 05:57:21,"Harusnya bisa memilih & produksi film yang berkualitas. Apalagi untuk serial khusus netflix. Harusnya Tidak rasis, atau merendahkan & melecehkan agama. Banyak kok film bagus tanpa dompleng SARA. Sekelas netflix harusnya paham isu sensitif seperti itu. Masa gak ada editing & sensor dlu sebelumnya?"
521,Eufrasia Sherien,1,2022-07-01 03:27:15,"Netflix anjg, nge bug terua setiap saat, bikin buang buang duit aja"
522,Michael Raymond,1,2022-07-01 02:26:50,"Sangat jelek bgt, gue uda bayar mahal perbulan dibanding apk lain,, ini sering bgt error tontonan yg ditonton suka hilang gitu aja,, nanti sekian purnama baru nongol lagi itu film,,,"
523,Muhamad Dino Dermawan,5,2022-06-30 08:07:44,"Yang ga bisa daftar di aplikasi, coba hapus terus buka webnya Netflix. Nah di webnya itu daftarkan akun yang mau berlangganan, pilih bayar pake apa. Dulu gw juga gabisa lewat aplikasinya, terus isengÂ² hapus terus daftar lewat web, baru bisa. Ini pengalaman pribadi aja ya... Semoga bermanfaat!!"
524,Whidya Rahmawati,1,2022-06-29 19:54:32,"Ini Netflix gimana sih,niat bikin aplikasi g sih, mahal"" gw langganan yang premium eh malah film kagak bisa di putar. Tanggung jawab lah njir"
525,Raden muhammad Ilham fathoni,1,2022-06-29 16:16:53,Gk guna update datanya juga filmnya juga gk bagusÂ² amat tuh malah ada yg melecehkan agama itu di biarin aja sama pihak developer netflixnya????..... Atau ada alasan lain??... kalau beneran ada alasan lain coba di klarifikasikan secepatnya!!!!!!......
526,Fhito Kiw,1,2022-06-29 14:43:22,"Kenapa Saat Memasuki Password Salah Mulu , Padahal Buat Log-in Akun Google Lewat UC Browser Bisa , Tapi Setiap Log-in Netflix Salah Mulu Password Nya"
527,rozi herdian,2,2022-06-29 14:00:39,"Merubah bintang, Mahal atau murah itu tergantung siapa yg membeli, namun jika di bandingkan apk sebelah dgn harga segini tampaknya cukup layak untuk di tinggalkan sementara,"
528,Ardian 275,1,2022-06-29 12:13:29,"Aplikasi apaan film penistaan agama bisa lolos hadeh dah bayarnya mahal belum beli paketnya ngga bisa masuk buat nyari""film yang mau di tonton harus bayar dulu hadeh"
529,Harimbi Putri,1,2022-06-29 10:18:44,"Sebaiknya anda lebih teliti dalam memilih film yang akan dimasukan ke dalam aplikasi anda, anda memasukkan film yang melibatkan agama dan juga termasuk merendahkan agama tersebut"
530,35_ YOSUA NICOLAS PRAKOSO X TPM 2,1,2022-06-29 01:57:11,Netflix harusnya lebih jeli sama saat menyelesaikan film jangan kaya yang terjadi baru baru ini lafaz Allah masa gak keliatan saya sangat kecewa pada Netflix
531,Lazily Made Channel,5,2022-06-29 01:11:45,"Sudah bagus cuma masih ada yg belum lengkap. Sokugeki no souma cuma ada season 3 nya doang yg lainnya gk ada. Trs donghua immortal king blm ada season 2 nya disini. Tolong dilengkapi, terima kasih."
532,Bahaa Udinn,1,2022-06-28 23:25:06,JANGAN KAU SEDIAKAN FILM YANG MENGANDUNG PELECEHAN TERHADAP AGAMA ISLAM!!!!!! #BOIKOTUMBRELLA3 NETFLIX SIAP2 BINTANG 2 DI PLAY STORE!! CEPAT KLARIFIKASI!!
533,Muhammad Rizal,1,2022-06-28 16:31:23,"Bisa bisanya ada lafadz Allah di lantai, woy nerflix lo lebih rendah karena merendahkan, kenapa gak tulis kata netfix aja dilantai!!!!. #BoikotNetfix, kecewa!!"
534,Mila SM13,1,2022-06-28 15:57:28,Up filmnya lama terus itu film udah didownload tapi tetep nggak bisa ditonton..jelekk jgn didownload apknya broken
535,Rahmat Efendi,5,2022-06-28 11:43:46,Sangat menghibur dan film filmnya bagus pemutaran video juga cepat.
536,Oakenchimera,1,2022-06-28 07:38:01,"Bagi pihak Netflix Dari series The umbrella academy 3 mohon untuk segera di tutup agar tidak membuat Kekacauan,apabila masih ingin menayangkannya mohon untuk menghapus Salah satu scene yang membuat Kontroversial"
537,cempe_alite,1,2022-06-28 06:00:35,"sangat mengecewakan, saya sebagai umat muslim merasa sangat kecewa dengan ""the umbrella academy 3"" #boikotnetflix."
538,059 Nadila Nur Rahmaliani,1,2022-06-28 05:08:59,Bismillah. Netflix aku hanya meminta untuk blokir dan hapus semua movie atau series yang menyinggung Islam. Demi kenyamanan bersama diharapkan lebih bijak dalam memunculkan suatu film!!
539,Wanzz D guns,1,2022-06-28 04:07:29,"Apk tolol, series nya banyak yg melecehkan agama Islam, bug banyak, sering error, film membosankan, mending langganan di Disney plus"
540,Arya Galuh,1,2022-06-28 03:51:05,Maaf kak mending Kaka ahus video the aberela atau apa lah itu jangan sampe apk anda hilang atau tujuan retingnya lebih baik anda hapus video itu saya tidak terima #BOIKOTNETFLIX
541,Fadli Ganteng,1,2022-06-28 01:38:37,Apk nya sih bagus tapi lebih bagus nonton di YouTube aja dari pada di sini huek Gw gak suka sih apk nya kalo aku masuk lansung keluar aku kira sinyal ternyata dari apk nya haduh sama pas aku nonton jelek banget gk hd gitu kalo aku tonton jadi Aku kurang suka sama apk nya tapi bagus jadi aku beri bintang 1 ya maaf karena Ya gimana ya
542,Rohadatul Aisy,1,2022-06-28 00:46:09,"Saya sebagai muslim tidak terima jika lafadz Allah diletakkan dilantai seperti di film umbrella academy 3, tolonglah saling toleransi umat beragama, sebagai pihak Netflix tolong jugak di lihat kembali kalau ada sekitara nya yang menjadi pemicu pelecehan agama gausah di tayangkan, kami sebagai muslim tidak terima hal yang seperti ini #boikot the umbrella academy 3"
543,Muhammad syarif hidayatullah,1,2022-06-28 00:33:13,"Aplikasi sampah ga guna,film burik,jangan di download,aplikasi penista agama najissss!!"
544,Rizal Pratama,1,2022-06-27 23:35:49,"Plis tolong netflix hapus film umbrellaacademy3 karena di dalam tersebut terdapat hal"" yang menyangkut suatu agama islam...itu sudah keterlaluan netflix. Kalian boleh menampilkan film apapun tapi jangan pernah sekali kali menampilkan film yang terdapat pelecehan agama islam."
545,R Whyu,1,2022-06-27 23:10:28,"Assalamualaikum min tolong hapus film HOLYWINGS3 Karna di film itu tertulis lafaz Allah SWT, tolong film nya segera di hps! #BOIKOTNETFLIX #TUTUPHOLYWINGS"
546,hartop hartono,2,2022-06-27 15:28:08,Harusnya ada Single Rental ga berlangganan trus bayarnya bisa pake pulsa lihat daftarnya dulu baru beli.
547,CHERLY SEA,5,2022-06-27 08:49:29,"Film nya bagus "" keren "" cuma sayang harus berbayar."
548,Bahar Rudin,1,2022-06-27 05:16:30,Aplikasi Jelek!!! Masa film nya Ada lafadz Allah dan agama lain ada lambang lambang nya disitu seperti salib #stoppenayanganumbrellaS3
549,Agung Ts,1,2022-06-27 05:12:41,"Sangat penuh hormat, Saya mohon untuk tidak menanyangkan film The Umbrella Academy 3, dikarenakan ada lafaz ALLAH SWT yang dimana lafaz tersebut berada di lantai"
550,R&R hutagaol,1,2022-06-26 13:26:22,"Saya bingung mau kasih rating gimana. Padahal pengen bangat pakai aplikasi ini dan berlangganan. Tapi pakai email gimana pun saya tetap gak berhasil. Selalu ada kata "" maaf saat ini kami tidak dapat menyelesaikan tindakan ini. Coba lagi nanti"". Saya bingung gimana caranya supaya bisa. Dan saya dah kasih izin aplikasi siapa tau krn itu. Tp nyatanya tetap aja. Saya coba untuk cari tau tp tetap aja gak ada hasil. Dan saya coba di ikon help tp jawabnya sorry."
551,Ilham Wahyudi,4,2022-06-26 05:12:54,"Film nya seru2 & lumayan lengkap,cma harus pke kuata untuk nontonya padahal sudah di paketin.."
552,Paan Si (Den),2,2022-06-24 23:17:02,Di suruh login giliran udah login email ga bisa anj!
553,FahmsGaming,1,2022-06-24 22:15:52,"Padahal baru banget install eh malah ada bacaan ""maaf, Kami tidak dapat menjangkau layanan Netflix(-62)"" maksudnya apa ya?"
554,Homyu Hom,1,2022-06-24 19:11:10,Sebelumnya saya merasa suka..tapi kenapa setelah saya instal dan saya mau masuk ko' keluar bacaan selalu hampir selesai.. padahal sudah saya masukin akunnya...
555,Mery Kartika,1,2022-06-24 09:18:09,"Banyak hacker. Bisa ada device lain yang masuk. Bahkan terang2an membuat akun penonton. Dan dgn berani mengganti bahasa menjadi bahasa arab atau hindi. Sangat berbahaya. Saya langsung hentikan langganan. Dan mengganti password. Langganannya tidak memalui playstore jadi jika terjadi hacker kita akan kesulitan apalagi jika mereka mengganti dengan bahasa yang tidak bisa kita baca. Jika mereka mengganti password akun kita, mrk bs tetap menggunakan kartu kredit kita untuk memperpanjang langganan."
556,Devi Siswati,1,2022-06-24 05:15:26,"Tlg dong netflix saya sudah login,trs masukan no kartu debit krn mau berlangganan,tp pas udah proses semua kendalanya tertulis""maaf utk saat ini kami tidak dpt memproses pendaftaran anda,cobalah sebentar lagi"". Nah masalahnya saldoku dikartu sdh ditarik sm netflik ,gimana nih jdnya,saldo udah ditarik padahal belum dftar berlangganan.tlg dong gimana cara tutupnya agar saldoku gak dotarik dobulan berikutnya krn aku blm daftar jg tp saldo usah dotarik.makasih..."
557,Nikita Niki,1,2022-06-24 04:40:49,Apk nya jelek!!! Aku sudah masukin sandi gmail nya berkaliÂ²tapi tetap gk bisa!! Bisa diperbaiki gk!!! Bikin emosi aja!!
558,Sastika Permana,1,2022-06-23 10:49:41,Saya kan udah login kok di bilang belum selesai ini gimana sih cuma di suruh keluar/bantuan sedangkan saya GK ada Netflix com
559,Fadhila A,1,2022-06-23 05:22:13,"ko waktu aku buka apk nya ada tulisan ""maaf kami tidak dapat menjangkau layanan netflix"" itu knp ya tlg sy mau berlangganan jadi gabisa"
560,SOEGIHARTO ADJIE NEGORO,3,2022-06-23 00:05:00,"Tidak bisa masuk ke netflix, padahal sinyal baik"
561,AR Gapura,3,2022-06-22 12:43:24,Aplikasi ini secara fungsi dan konten sangat bagus.namun 1 fitur saja yg mungkin perlu di tambah yaitu fitur kualitas video yg bisa langsung kita ubah sesuai dgn keinginan secara lgsg pada interface videoplayer pd aplikasi maupun webnya. Hal itu berguna utk org2 yg nnton menggunkan kuota data agar bsa menyesuaikan dgn sisa paket yg ada ğŸ˜ Overall aplikasi ini sangat baik dlm kategori entertainment
562,Meriyana Dwi,1,2022-06-22 04:56:49,"Ini kenapa ya baru download udah bisa login lalu kok ada tulisan ""HAMPIR SELESAI!"" Utk pengguna baru, gimana ya itu?"
563,Aysaka,3,2022-06-22 00:49:19,"Tolong subtitle nya di besarin dikit lagi, walaupun saya tidak terganggu saat menonton series barat tetapi untuk Drakor dan anime saya agak terganggu sama subtitle nya karena kecil dan terkadang kalau ad scene yang agak cerah subtitle nya jadi menyatu sehingga tidak bisa terbaca dengan jelas"
564,Vinsensia Resti,3,2022-06-21 12:50:21,"Tiba2 kelogout sendiri di hp padahal yg di pc bisa aman dan kepake, setelah login lagi error"
565,Ramdha wati,5,2022-06-20 14:30:13,"Aku berlangganan 3 app yg mirip, tp aku paling suka fiturÂ²nya Netflix. Kecepatan pemutarnya yang bisa disesuain selera, responnya lebih cepat juga, dan selalu lebih jernih dan resolusinya cepat menyesuaikan dengan kecepatan jaringan. Cepat update tiap episode juga."
566,Ahmad Kejora Sukma Khairi,3,2022-06-20 08:03:21,Suka film atau anime tiba2 ngilang terus muncul lg.. aneh
567,Ibrahim Salam,1,2022-06-18 09:57:55,"Tidak bagus aplikasinya ribettt,di uninstall lagi,para NETFLIX,yg sekarg susah masuknya,iklan 30-1menit."
568,SJR_2A_DIKI AWALUDIN,4,2022-06-18 09:33:26,"Gua akuin aplikasinya bagus banget.. tapi ya itu, rada-rada mahal. Kalo saran sih turunin dikit. Seenggaknya biar gak mubazir. Soalnya ya kita kagak tiap hari nonton netflix. Paling seminggu berapa kali."
569,Nuni riyani,1,2022-06-17 13:41:29,"Paket untk berlanganan ajh mahal bngt yah,ğŸ¤¦bnr''untuk kalangan orng kaya,nga sanggup kalo kalangan bawah mh."
570,Michael Sanger,1,2022-06-17 12:17:38,"Tidak tertarik sejak awal. Mau lihat"" aja dulu kagak bisa harus langsung bayar. Ya sudahlah"
571,Chusnul Khotimahhh2010,1,2022-06-17 10:24:25,"Masa bayar sihh padahal pengen nonton dulu,setidaknya nanti gitu bayarnya masa kalo aku nonton harus bayar mana mahal lagi lebih baik nonton di aplikasi lainya ğŸ˜’"
572,Naufal Al Akbar,1,2022-06-17 04:27:08,Saya sudah berlangganan Netflix di my telkomsel malah saat saya login ke akun saya adanya disuruh kembali berbayar akhirnya jadi sia sia karena tidak bisa nonton seharusnya anda memberikan login akun nya gratis jgn harus di bayar dulu itu yang membuat aplikasi anda tidak bagus
573,Naflah Karissa,1,2022-06-16 12:36:12,Aku gak suka sama netflix soalnya itu harus tulis email sama no telpon itu netflix di hp ribet mendingan di tv ya kan
574,Engineering Trader,1,2022-06-16 11:22:05,"Ga bundling sama telkomsel, kirain sama kaya disneyplus Hotstar, jadi Netflix ini tetep aja harus bayar langganan....padahal saya sudah berharap banyak dari netflix ini....ok I should go back to Disney plus hotstar deh...sorry"
575,Eristiani Smc,5,2022-06-16 08:50:48,Terimakasih netflixku sudah bisa dipakai Kemarin sempat uninstall tapi hari ini masuk notifikasi pemakaiannya dan sukses sekarang aku memakainya
576,Allel ID,2,2022-06-15 14:45:07,"Tiap nonton film tiba2 keluar sendiri,harus muter lg ... gtu berkali2... piye to ????"
577,Adam Aji Nurrachman,3,2022-06-15 14:30:59,Saya update OS Samsung A21s setelah itu Netflix nya diputar layar hitam dan hanya ada suara.. mohon pencerahannya trims
578,Nur Aisyah,5,2022-06-15 13:41:09,"Suka film"" nya . Kalo bisa lebih lengkap lgi film action nya . Tapi kenapa akunku di bekukan , pdahal pmbayaran sdh gmpng ."
579,Abdul Soip,1,2022-06-14 16:13:17,Udh masuk emil tetep aja gk bisa masuk. Apk apaan kaya gini nyesel saya udh download
580,Putri Pamungkas,1,2022-06-13 17:32:52,Aplikasi saya gak bisa di buka selama 2 minggu itu kenapa ya? Padahal saya udah bayar. Tolong solusi nya. Makasih
581,Della Yenni,1,2022-06-13 14:44:33,"Awalnya lancar, baru beberapa hari malah ga bisa dibuka. Gajelas banget, kirain ada pembaruan ternyata ga ada tapi ga bisa login. -_-"
582,clara felicia,2,2022-06-12 17:23:57,"Udah bayar lewat Telkom tapi tetep ga bisa di aplikasi nya, udh coba refresh sama log out-in biar bisa, udh di cek juga di web nya, tetep ga bisa, coba cancel subscribe alhasil bayar 2 kali lol, trs gunanya apa kalian kerja sama bareng Telkom kalo Masi gjls kaya gini"
583,DATU BALALEMBANG,1,2022-06-12 05:48:58,Apaan ini Netflix sporti pemerasan saja ....katanya di suruh pilih yg bagus itu premium ehh ujung2nya gak bisa nonton di tv ...aplikasi mau uang saja tidak bisa bikin nyaman penonton..JANGAN DI-DOWNLOAD GUYZZZZ
584,Afif Arahman,1,2022-06-11 13:19:14,"Aplikasi mahal dan aneh, pihak developer hanya mencari untung tidak memikirkan pentingnya kesejahteraan penonton, tidak bisa melihat refrensi film, dan harus bayar dulu ketika ingin melihat, dan biaya langganannya pun sangat fantastis mahal, sangat tidak rekomen untuk download aplikasi ini"
585,Muh. Reski Ramadhan,3,2022-06-11 08:01:10,"Bang-_- w pertama kali pakai neflix w beli w kira bisa nonton tp tertulis ""terjadi kesalahan saat memuntar video"" terulang ulang ulang padahal nonton yt biar hd sekali lancar tuh Nyesal beliğŸ™‚"
586,Ginal Celisa90,3,2022-06-10 09:35:31,"Halo netflix... tolong perbaiki aplikasi ini agar lebih baik lagi karena login email sedikit lambat dan aku juga rekomendasikan serial populer seperti games of throne, motherland fort salem dan yang lain harus ada di aplikasi ini...ğŸ™"
587,Astrada Psi,1,2022-06-10 09:21:37,"Baru jg download, udh disuruh bayar. Apk apaan ini. Buat tmn2 yg kecewa dgn apk ini, mending download apk sebelah ""L _ _ L _ _"" aja tanpa harus berlangganan & 100% free."
588,Dede Firmansyah,5,2022-06-10 06:20:57,Tadi ada iklannya kalo sekarang bayar langganannya bisa pake pulsa telkomsel !!
589,Tanti Rishantika,1,2022-06-10 05:24:05,Baru aja saya daftar dan bayar sebesar 54rb untuk layanan ponsel & tablet stlah itu ga sengaja keluar dan disuruh daftar lagi trus suruh transfer lagi gimna sih ini syaa ga paham
590,Ayu Saputri,1,2022-06-09 19:58:08,"Sudah selesai daftar tagihan juga sudah bayar,tapi kenapa ttp gk bisa masuk dengan keterangan selesaikan pendaftran kenapa ya??jadi nyesel kan dowload"
591,IDRUS MOHAMMAD,1,2022-06-09 11:14:41,Waktu di putar lag-lag padahal sebelumnya enggak pernah seperti ini. Tolong diperbaiki
592,Dian Shanum,5,2022-06-08 12:14:29,Netflix itu bagus banget cuma kalian yg kasih rate 3-1 itu Keknya bocil deh? Apa baru tau Netflix itu berbayar? Buat film aja perlu modal rugi anj kalo ga berbayar ngotak dikit oy orang indo gini amat kalian aja yg mudah di buat ribet hadeh
593,Rebi Astuti,1,2022-06-08 09:25:05,"Netflix apps.nya gak seperti disneyhotstar yg bisa dibuka2 dulu untuk referensi film apa yg bagus di tonton sebelum kita berlangganan berbayar, mau buka aja harus berlangganan dulu. Baru berlangganannya gak ada yg pertiga-bulan/ enam-bulan dan juga mahal lagi biayanya langganan perbulan.nya ğŸ˜ğŸ˜ğŸ˜"
594,Ai Nurina,5,2022-06-08 01:38:41,"Aplikasi bagus,byk film dr berbagai genre,g terlalu menghabiskan kuota,good job kak"
595,Cia_ editz,3,2022-06-07 10:12:14,"Bagus si bagus, cuma ko premium si?, Dulu kan g premium kok tibaÂ² premium? Dikira orng punya duit semua"
596,alpen liebe,1,2022-06-06 15:28:57,Saya kira seperti aplikasi lain yang walaupun bukan vip masih bisa memutar film.
597,Rizky egha ananda,2,2022-06-06 06:22:24,"Emang ya dunia ini gak ada yang gratis mau nonton aja harus bayar lagi, hadehhh mau rating apk nya tinggi jangan sedikit2 bayar dong minimal ada batas nonton baru bayar"
598,Azura Azura,3,2022-06-06 04:19:46,"Netflix nya aku kenapa ya, ko udah masuk pake akun ,keluar sendiri, terus pas masuk lagi pasti tulisannya sandinya salah, udah coba berkali kali tetep gk bisa, kesel banget sumpah"
599,Restu Aji,2,2022-06-05 15:16:18,"Halo, untuk pengaturan streaming, akun dan segala macam kenapa tidak bisa langsung di aplikasi saja, kenapa harus masuk web? tidak praktis."
600,Nursaida Nababan,1,2022-06-05 13:08:46,Baru pertama kalinya download netflix dan pas udah selesai download malah gabisa dibuka. Sedih bgt padahal udah sampe hapus aplikasi yg lain cuma karna netflix
601,Aprilia Diah,1,2022-06-05 05:04:40,"Mimin, ini netflixku gak bisa dibuka selama semingu gimana nih? Aku udah DM di akun instagram gak direspon, komen di postingan netflix juga gak ada respon, mau membatalkan langganan gak bisa soale aplikasinya gak bisa dibukağŸ˜­ğŸ˜­tolong donk min"
602,TwentyThree,3,2022-06-04 09:16:12,"Berikan pilihan Berbayar & Gratis "" Dengan Iklan ""..."
603,kali Wungu,1,2022-06-03 16:24:22,"Daftar aja ga bisa2 , payah , semua udah dicoba tetap ga bisa"
604,Ofa Rizky,1,2022-06-03 14:25:24,"Paket langganan berubah tanpa adanya konfirmasi. Saya hanya berlangganan paket ponsel, tiba-tiba berubah menjadi paket premium tanpa ada konfirmasi sebelumnya."
605,Rifqi,5,2022-06-03 12:25:58,"Masalah Error Video lag,layar hitam dan sebagainya di perangkat mobile udah Fix. Thanks Netflix"
606,Jey Tallo,4,2022-06-03 06:52:57,Hay neflix knpa ya yg dri tv gak bisa terbuka padahal dri hp mash bisa di buka
607,Rabbit& Rabbit,1,2022-06-03 03:09:12,Ini knp mau nonton kok gk bisa d putar padahal udh bayar berlanganan jg kmren2 normal aja tp kok hari ini gk bisa . .. Jaringan udh lancar masa harus pake vpn ğŸ¤¦â€â™‚ï¸baru bisa mutar vidio
608,Tanti Zesika,5,2022-06-03 02:30:53,netflix halo kenapa saya perbarui jadinya malah ga keluar semua nya? loadingnya lama banget???! ini error apa kenapa!!
609,Nila Suryani,2,2022-06-02 23:29:14,"Sedih bgt kok skrg bayar yağŸ˜¢ seinget aku dulu sblum hp ku instal ulang smua....aku punya Netflix dan itu sama kayak tetangga"" ada bagian film yg bisa nonton gratis...dan yg bayar dikasih ksmpatan nnton 1 episod dulu..kalo mau lanjut baru bayar/bikin paketnyağŸ˜¢.tapi skrg kok ga kayak dulu lagi sih minğŸ˜¢ğŸ˜¢ğŸ˜¢tolong di bikin kayak dulu lagi dong min kasih kesempatan buat kita yg ga belum bisa beli buat nnton gratis mskipun film udh kadaluarsa GPP dehğŸ˜­ğŸ˜­ğŸ˜­."
